rep,start,end,peak_idx,peak_time,rms,mdf,env_peak,is_fatigued,file_id
1,7940,14204,11087,5.5435,1467.8097450233447,78.125,2080.604610318887,0,01-01
2,14204,20793,17322,8.661,1667.5398359326957,62.5,2504.2398261577323,0,01-01
3,20793,28804,24264,12.132,1440.8733899159174,97.65625,1949.559487636669,0,01-01
4,28804,36300,33345,16.6725,1454.339704567291,111.328125,2128.166069680865,0,01-01
5,36300,42884,39255,19.6275,1477.4981732312035,101.5625,2276.562506686403,0,01-01
6,42884,49739,46514,23.257,1468.6929470439052,111.328125,2247.4948595174037,0,01-01
7,49739,56952,52964,26.482,1487.5789159947687,101.5625,2402.116668292869,0,01-01
8,56952,63458,60940,30.47,1545.0572341794596,97.65625,2365.1100570378057,0,01-01
9,63458,69338,65977,32.9885,1528.1996924575426,83.984375,2272.1228895380914,0,01-01
10,69338,75964,72700,36.35,1342.7956928276917,146.484375,1875.514074397626,0,01-01
1,2235,7761,4361,2.1805,852.1403430221242,76.171875,1478.5851750084714,0,01-02
2,7761,14207,11161,5.5805,1038.077530191601,74.21875,1694.1808413003432,0,01-02
3,14207,20256,17253,8.6265,994.9502010107751,74.21875,1986.9468775092253,0,01-02
4,20256,26178,23259,11.6295,1040.0795299726863,72.265625,1960.789001557413,0,01-02
5,26178,31835,29098,14.549,1144.0010088254921,62.5,1983.2142882877697,0,01-02
6,31835,37490,34573,17.2865,1195.1333680215794,62.5,2196.802551704158,0,01-02
7,37490,43480,40408,20.204,1176.867594853092,64.453125,2123.400971678704,0,01-02
8,43480,49542,46553,23.2765,1188.00443258013,54.6875,1886.3711136287393,0,01-02
9,49542,56058,52531,26.2655,1266.7233809286047,41.015625,2325.2293919353465,0,01-02
10,56058,62940,59586,29.793,1367.610063478968,41.015625,1743.4226408961906,0,01-02
11,62940,69001,66295,33.1475,1164.0444851408508,44.921875,1523.1314112976556,1,01-02
1,4973,9786,7296,3.648,1299.0583950856833,72.265625,2174.687184798716,0,01-03
2,9786,14636,12277,6.1385,1325.1529903732287,66.40625,2197.6089191057,0,01-03
3,14636,19196,16996,8.498,1488.183795336423,66.40625,2573.3072766178793,0,01-03
4,19196,23982,21396,10.698,1404.016179752319,68.359375,2265.4567291682733,0,01-03
5,23982,28930,26569,13.2845,1453.286865384665,64.453125,2499.6903732633223,0,01-03
6,28930,33619,31291,15.6455,1491.179350693655,64.453125,2274.3010529464595,0,01-03
7,33619,38652,35947,17.9735,1470.691451956692,64.453125,2354.5837497085868,0,01-03
8,38652,43647,41358,20.679,1443.9854508214894,62.5,2792.993451286892,0,01-03
9,43647,49228,45936,22.968,1449.899981689451,60.546875,2460.8149440998054,0,01-03
10,49228,55140,52520,26.26,767.8386401225921,39.0625,1013.2260812859245,1,01-03
1,5097,11848,7820,3.91,1301.7002297210377,72.265625,2317.9802840561733,0,01-04
2,11848,18181,15877,7.9385,1395.2439856659073,64.453125,2168.0743276617663,0,01-04
3,18181,23109,20485,10.2425,1390.0977740019841,64.453125,2533.5479201690205,0,01-04
4,23109,27836,25733,12.8665,1479.0346851268175,54.6875,2351.050531725105,0,01-04
5,27836,32755,29940,14.97,1440.8965558707184,64.453125,2247.5285147947266,0,01-04
6,32755,38489,35570,17.785,1196.8740008224474,58.59375,2717.200069929586,0,01-04
7,38489,45075,41408,20.704,899.1645250797312,52.734375,1491.1067937418068,0,01-04
8,45075,52168,48742,24.371,1116.188560738813,48.828125,1828.2521340673895,0,01-04
9,52168,58646,55595,27.7975,809.759537082535,50.78125,1490.5449699881335,1,01-04
10,58646,64640,61697,30.8485,738.3988107466865,56.640625,1045.9302090959875,1,01-04
1,6396,10896,8800,4.4,762.3936304119663,41.015625,1237.8785424314333,0,01-05
2,10896,15831,12992,6.496,696.6083455256802,48.828125,1394.0281284076855,0,01-05
3,15831,20958,18671,9.3355,733.338703239063,50.78125,1601.656890350531,0,01-05
4,20958,25254,23246,11.623,734.0860897004369,41.015625,1142.2037974098002,0,01-05
5,25254,30552,27262,13.631,611.3792762740388,37.109375,1030.4416691809397,0,01-05
6,30552,36567,33843,16.9215,720.376782770228,56.640625,1324.729735555831,0,01-05
7,36567,41707,39292,19.646,741.8151347551885,42.96875,1212.3213252431192,0,01-05
8,41707,47942,44122,22.061,640.2470313041333,48.828125,1207.1459263663455,1,01-05
9,47942,55760,51762,25.881,633.7014081207539,60.546875,1136.6735033171283,1,01-05
10,55760,63525,59758,29.879,621.7517699230904,41.015625,1094.8169972416304,1,01-05
11,63525,71370,67293,33.6465,903.4709403902766,29.296875,2061.3879778858386,1,01-05
12,71370,77616,75447,37.7235,986.4796595017885,37.109375,2091.7329070191836,1,01-05
1,4466,9680,6760,3.38,368.52608114178656,52.734375,537.3925401996039,0,02-01
2,9680,15313,12600,6.3,346.0018087917604,58.59375,502.4697936523534,0,02-01
3,15313,20752,18026,9.013,381.5953404347651,58.59375,516.2716653191134,0,02-01
4,20752,26056,23478,11.739,361.81372324651585,54.6875,513.0455576979346,0,02-01
5,26056,30990,28634,14.317,416.142639479674,58.59375,559.6677561914976,0,02-01
6,30990,35986,33347,16.6735,401.24788061550083,52.734375,575.6935163042375,0,02-01
7,35986,41405,38625,19.3125,374.4200748513178,56.640625,499.59819605508267,0,02-01
8,41405,47411,44186,22.093,471.87915039518225,50.78125,767.8159852569545,0,02-01
9,47411,53264,50636,25.318,383.3978021338747,54.6875,570.1449770955687,0,02-01
10,53264,58716,55892,27.946,401.47188217779575,54.6875,580.1465193019577,1,02-01
11,58716,64138,61541,30.7705,415.24424869269603,56.640625,605.3307717218601,1,02-01
12,64138,69446,66735,33.3675,388.77450913757764,54.6875,545.8947020068468,1,02-01
1,4548,10456,7728,3.864,508.52816728502,66.40625,720.4700616382971,0,02-02
2,10456,15958,13185,6.5925,425.6794355215495,44.921875,960.3193793665408,0,02-02
3,15958,21406,18732,9.366,440.9372903620037,46.875,785.7409041170949,0,02-02
4,21406,27654,24081,12.0405,406.86706952311005,46.875,628.7923596655639,0,02-02
5,27654,33988,31228,15.614,398.91998401577393,48.828125,707.5397395989464,0,02-02
6,33988,39176,36748,18.374,636.4888665906894,111.328125,1479.9582676522948,0,02-02
7,39176,44808,41605,20.8025,421.6464903986272,56.640625,650.6157514169333,0,02-02
8,44808,50640,48011,24.0055,636.7588759764274,62.5,1175.330218383968,0,02-02
9,50640,56558,53269,26.6345,445.8788895801803,52.734375,793.2813790436101,0,02-02
10,56558,62731,59847,29.9235,435.32950274699516,52.734375,660.2170348656682,0,02-02
11,62731,68881,65616,32.808,423.1883299388307,56.640625,859.2977329287334,0,02-02
1,5503,11362,8261,4.1305,476.3218845909012,42.96875,957.8680281744665,0,02-03
2,11362,17356,14463,7.2315,469.627964022122,48.828125,1139.3915398357071,0,02-03
3,17356,23316,20250,10.125,436.79597498547264,54.6875,902.6100079796954,0,02-03
4,23316,29288,26382,13.191,445.95786087073805,42.96875,902.3926823060317,0,02-03
5,29288,35942,32194,16.097,468.1311368991399,48.828125,849.5192638888147,0,02-03
6,35942,42674,39691,19.8455,412.5935786977754,48.828125,811.1460489123348,0,02-03
7,42674,49008,45657,22.8285,495.8526906221631,46.875,837.7249880967108,0,02-03
8,49008,56355,52359,26.1795,428.9167828933771,50.78125,594.308191620703,0,02-03
9,56355,63806,60352,30.176,444.558990338353,48.828125,785.8978635003494,0,02-03
10,63806,70477,67260,33.63,456.8399585573167,44.921875,821.1815239651237,1,02-03
11,70477,80294,73695,36.8475,397.7084593682496,56.640625,658.4662783761365,1,02-03
12,80294,89067,86893,43.4465,243.02630221086616,56.640625,321.12135060709903,1,02-03
1,4823,10092,7505,3.7525,1200.523681138119,58.59375,1770.4065224676924,0,03-01
2,10092,15806,12679,6.3395,1126.0618656703898,60.546875,1866.7765681564172,0,03-01
3,15806,21531,18933,9.4665,1388.574057046406,58.59375,2038.1045791239983,0,03-01
4,21531,27210,24130,12.065,1306.3452538247839,62.5,2182.216798143902,0,03-01
5,27210,34219,30290,15.145,1196.6000749592558,60.546875,2075.0221616101694,0,03-01
6,34219,41122,38149,19.0745,1319.1295212853865,58.59375,2087.4118771916983,0,03-01
7,41122,47493,44095,22.0475,1341.037077884113,60.546875,2489.271372682344,0,03-01
8,47493,54243,50891,25.4455,1303.0274311738563,56.640625,2256.7738841781493,1,03-01
9,54243,60902,57595,28.7975,1304.8235556586583,56.640625,2287.4650675073244,1,03-01
10,60902,67182,64209,32.1045,1405.3211240686562,58.59375,2199.6813825389218,1,03-01
11,67182,74838,70155,35.0775,1281.213766873732,44.921875,2258.4818961484484,1,03-01
1,4508,10626,7081,3.5405,1137.8852481155945,68.359375,1662.483002614783,0,03-02
2,10626,16902,14171,7.0855,1301.2437983585608,64.453125,2070.5310848866025,0,03-02
3,16902,21895,19633,9.8165,1509.3386711613414,66.40625,2294.2264750055474,0,03-02
4,21895,27148,24157,12.0785,1362.1266509128398,62.5,2209.137318473367,0,03-02
5,27148,33576,30139,15.0695,1423.770244733846,62.5,2443.978263195864,0,03-02
6,33576,39904,37014,18.507,1534.4803016450255,56.640625,2339.483514940558,0,03-02
7,39904,47135,42794,21.397,1461.5650841295121,58.59375,2381.5358850395355,0,03-02
8,47135,55795,51476,25.738,1508.0898350022676,50.78125,2378.7104744810463,1,03-02
9,55795,64224,60114,30.057,1406.6118956593384,56.640625,2104.31383206927,1,03-02
10,64224,71181,68334,34.167,1571.7130584751103,46.875,2385.7548485131833,1,03-02
11,71181,78474,74029,37.0145,1628.2167554814998,44.921875,2317.153603417899,1,03-02
1,11389,15799,13638,6.819,1381.6067997945402,72.265625,1959.9541406299722,0,03-04
2,15799,20236,17960,8.98,1370.6452290261898,66.40625,2233.0219227385287,0,03-04
3,20236,24520,22513,11.2565,1387.4315417957544,68.359375,2231.5097275167327,0,03-04
4,24520,29099,26527,13.2635,1442.405936917694,64.453125,2128.402675455004,0,03-04
5,29099,35397,31671,15.8355,1249.7378825432831,58.59375,2058.1639516113833,0,03-04
6,35397,42478,39123,19.5615,1293.8881714829574,60.546875,2166.4853953076467,1,03-04
7,42478,47946,45834,22.917,1453.44577460293,58.59375,2356.5398942698366,1,03-04
8,47946,53344,50058,25.029,1549.9426902185958,58.59375,2064.398496223714,1,03-04
9,53344,60863,56630,28.315,1463.3133639120895,52.734375,2157.519453748748,1,03-04
10,60863,68040,65097,32.5485,1387.6462701775333,58.59375,2497.692367322677,1,03-04
11,68040,73530,70983,35.4915,1436.3775365059034,41.015625,2152.402529113182,1,03-04
12,73530,78767,76077,38.0385,751.2286586657431,41.015625,1101.3395452144819,1,03-04
1,5654,10553,8144,4.072,587.3376402092032,48.828125,1068.8645639057092,0,04-01
2,10553,15436,12963,6.4815,862.6366895498769,35.15625,1840.880757014726,0,04-01
3,15436,20290,17910,8.955,801.4985959001223,33.203125,2149.688282035497,0,04-01
4,20290,25057,22671,11.3355,748.6832271910251,52.734375,1293.3699100514384,0,04-01
5,25057,29875,27443,13.7215,929.5039078515365,37.109375,1954.530724507349,0,04-01
6,29875,36496,32308,16.154,870.045958394964,54.6875,1452.409281959613,0,04-01
7,36496,42976,40685,20.3425,955.5324115854734,44.921875,1765.7024241792299,0,04-01
8,42976,48328,45267,22.6335,790.7345120317368,54.6875,1202.7490683520437,0,04-01
9,48328,54790,51389,25.6945,815.8866302799165,39.0625,2005.8061778667295,0,04-01
10,54790,60811,58191,29.0955,800.251956955857,52.734375,2017.685553924738,1,04-01
1,8564,13058,10658,5.329,726.8791006409095,64.453125,1455.2165154174797,0,05-05
2,13058,17856,15459,7.7295,498.2665303295648,54.6875,759.474975350654,0,05-05
3,17856,23282,20253,10.1265,499.99692017245286,58.59375,889.965163349837,0,05-05
4,23282,29313,26312,13.156,513.0728225604803,54.6875,825.3189995185008,0,05-05
5,29313,37085,32315,16.1575,452.9707432198573,54.6875,1075.5890236804346,0,05-05
6,37085,46153,41855,20.9275,533.8721745285053,52.734375,1321.4703687748465,1,05-05
7,46153,52545,50451,25.2255,344.12192135775973,42.96875,586.7719142358471,1,05-05
1,6636,15534,11353,5.6765,1229.685575444986,62.5,2108.390412919042,0,06-02
2,15534,23517,19716,9.858,1485.9666991915392,41.015625,2594.0444002978784,0,06-02
3,23517,31200,27318,13.659,1319.6694033852036,50.78125,2226.943941436398,0,06-02
4,31200,38393,35083,17.5415,1335.0630283722926,46.875,2150.66435531188,0,06-02
5,38393,45316,41703,20.8515,1277.964399472149,39.0625,2097.6403018300725,0,06-02
6,45316,52262,48930,24.465,1332.8526884652529,60.546875,2047.7845550574762,0,06-02
7,52262,57777,55595,27.7975,1457.2871466610873,41.015625,2108.991024720944,0,06-02
8,57777,64763,59959,29.9795,1381.873622833746,44.921875,1834.6563026566862,0,06-02
9,64763,72124,69568,34.784,1194.4567527504025,42.96875,1395.643173570747,1,06-02
10,72124,77296,74681,37.3405,1179.5885258307087,44.921875,1791.6049113743861,1,06-02
11,77296,82129,79912,39.956,1116.1946094003092,39.0625,1265.8684386920684,1,06-02
12,82129,86585,84346,42.173,1235.7088289656842,64.453125,1385.6148990743166,1,06-02
13,86585,91163,88825,44.4125,940.4828870582747,39.0625,834.7453950518459,1,06-02
1,4924,11288,7975,3.9875,765.8141837055032,41.015625,944.0020099288778,0,06-03
2,11288,18312,14602,7.301,1410.1940317924475,60.546875,2502.5811205444857,0,06-03
3,18312,25356,22023,11.0115,1617.0624429342724,64.453125,2161.972807926708,0,06-03
4,25356,32097,28689,14.3445,1349.0586418609712,64.453125,1726.8224720737746,0,06-03
5,32097,39467,35506,17.753,1507.9528689607007,54.6875,2524.1337592288537,0,06-03
6,39467,46441,43429,21.7145,1444.4311220723903,46.875,2200.4967578521696,0,06-03
7,46441,53257,49454,24.727,1266.953844586856,46.875,2136.8379183068473,0,06-03
8,53257,61181,57061,28.5305,1208.8641488442552,52.734375,1767.5649428110257,1,06-03
9,61181,69979,65301,32.6505,1175.4655771132498,46.875,2209.8957186778957,1,06-03
10,69979,79196,74658,37.329,1041.630983117901,41.015625,1595.2806984336262,1,06-03
11,79196,87577,83734,41.867,1054.8725372233903,46.875,1634.3773695333916,1,06-03
1,3877,9824,6360,3.18,1483.8572981474592,46.875,2469.800755463629,0,06-04
2,9824,16430,13288,6.644,1418.1492418907967,54.6875,2087.533580224066,0,06-04
3,16430,22511,19573,9.7865,1344.7499124340125,37.109375,2381.9332781701805,0,06-04
4,22511,28592,25450,12.725,1250.0081839593654,58.59375,2004.2176256143043,0,06-04
5,28592,35331,31735,15.8675,1052.7493694687835,46.875,1696.6962908025055,1,06-04
6,35331,41539,38928,19.464,1051.5574582020356,44.921875,1798.0895103657153,1,06-04
7,41539,48480,44150,22.075,1082.2551044908196,37.109375,1942.387969521862,1,06-04
1,4212,11818,7723,3.8615,824.2998313697486,33.203125,1515.87366795681,0,07-01
2,11818,18302,15913,7.9565,977.6865032068696,54.6875,2052.1903363706665,0,07-01
3,18302,23264,20692,10.346,1288.0053401112714,58.59375,2011.5429110163006,0,07-01
4,23264,28461,25837,12.9185,1226.5288369274992,44.921875,1930.4213673005268,0,07-01
5,28461,35131,31086,15.543,1284.1333069182756,46.875,2315.1957505695245,0,07-01
6,35131,41443,39176,19.588,1365.8233033297072,46.875,2281.955095595044,0,07-01
7,41443,46036,43710,21.855,1472.2278682522247,62.5,1656.1168499122107,0,07-01
8,46036,50858,48363,24.1815,1413.5002698114488,54.6875,2167.920035924152,0,07-01
9,50858,55497,53354,26.677,1378.5179780064313,54.6875,2042.1272920782776,0,07-01
10,55497,59657,57641,28.8205,1385.9418744278182,58.59375,1822.7398868988191,0,07-01
11,59657,63902,61673,30.8365,1492.5656156361033,60.546875,1772.6051873944193,0,07-01
1,3990,8444,6397,3.1985,457.1778113883338,42.96875,880.673732187144,0,07-02
2,8444,12824,10492,5.246,1215.338332517171,41.015625,1943.885751019632,0,07-02
3,12824,17475,15156,7.578,1465.6250203960012,52.734375,2043.138658658696,0,07-02
4,17475,23784,19794,9.897,1258.8359794805792,44.921875,1802.7998423894169,0,07-02
5,23784,30308,27775,13.8875,1560.6091614789964,46.875,2363.097881260085,0,07-02
6,30308,35433,32842,16.421,1269.4064914884862,52.734375,1993.8273083313961,0,07-02
7,35433,40619,38024,19.012,1318.1699789083955,44.921875,2042.696606424784,0,07-02
8,40619,45416,43215,21.6075,1300.9879259707627,48.828125,2122.764116590721,0,07-02
9,45416,49733,47617,23.8085,1379.8292586894804,62.5,1787.0258149757367,0,07-02
10,49733,54073,51849,25.9245,1168.6780836974158,62.5,2197.675836248606,0,07-02
11,54073,58749,56297,28.1485,1182.0183502279924,58.59375,1950.716152526172,0,07-02
12,58749,63472,61201,30.6005,1319.3660770825527,46.875,2333.93617509176,0,07-02
1,4039,9373,6185,3.0925,788.6479867450316,42.96875,1244.7259234605744,0,07-03
2,9373,15114,12561,6.2805,1214.1293218742292,52.734375,2016.6820461026668,0,07-03
3,15114,20982,17668,8.834,1105.388774071943,54.6875,1817.4409660916601,0,07-03
4,20982,27601,24297,12.1485,846.9798212814967,56.640625,1339.2166791362085,0,07-03
5,27601,33852,30906,15.453,1136.5624187816425,54.6875,1820.7772384682562,0,07-03
6,33852,39835,36798,18.399,866.6717941645013,42.96875,1755.0534744257636,0,07-03
7,39835,45395,42872,21.436,1041.1390078915354,37.109375,2142.0670582580647,0,07-03
8,45395,51326,47918,23.959,1166.5559770753348,33.203125,2133.330657027254,0,07-03
9,51326,58173,54735,27.3675,899.7658433908435,33.203125,2084.3536316237364,1,07-03
10,58173,65297,61611,30.8055,939.730460517183,41.015625,1786.6006148180484,1,07-03
11,65297,71212,68984,34.492,1087.5972808278705,37.109375,1818.3154822714814,1,07-03
12,71212,75783,73441,36.7205,712.7682988648155,39.0625,961.2271198265306,1,07-03
13,75783,80825,78125,39.0625,1193.9196857815223,33.203125,1699.4189580540967,1,07-03
1,5347,9546,7371,3.6855,701.0621625588607,56.640625,1045.7136472794193,0,07-04
2,9546,14897,11722,5.861,792.6886106267817,66.40625,1734.188856568702,0,07-04
3,14897,21096,18072,9.036,868.5195572986322,54.6875,1784.235750063002,0,07-04
4,21096,27146,24121,12.0605,813.5439798216997,58.59375,1784.235704841885,0,07-04
5,27146,32689,30172,15.086,979.778946888188,46.875,1852.6284451076833,0,07-04
6,32689,37851,35206,17.603,884.0346826731524,37.109375,1300.2606514806364,0,07-04
7,37851,43122,40497,20.2485,858.9285778427021,39.0625,1592.0402079108815,0,07-04
8,43122,48748,45748,22.874,993.8095423624197,37.109375,2224.3513141859767,0,07-04
9,48748,55742,51748,25.874,692.5166999514125,42.96875,1298.8317190720056,1,07-04
10,55742,64244,59736,29.868,791.441257054007,39.0625,1522.5400352561976,1,07-04
11,64244,72674,68753,34.3765,607.2835503954464,41.015625,1230.5830976591046,1,07-04
12,72674,80741,76595,38.2975,528.0090359416329,41.015625,778.4063459892944,1,07-04
1,4530,11231,8443,4.2215,577.3516652783455,44.921875,1018.9844898309422,0,08-01
2,11231,17509,14019,7.0095,558.9451575591611,56.640625,1156.329244653555,0,08-01
3,17509,25087,21000,10.5,560.6338102222036,46.875,1061.733087240074,0,08-01
4,25087,31617,29175,14.5875,512.4832832573281,52.734375,659.0948601644349,0,08-01
5,31617,36763,34060,17.03,632.8703240601095,44.921875,960.1518066073686,0,08-01
6,36763,42167,39466,19.733,560.477621068471,44.921875,973.7826645496006,0,08-01
7,42167,48489,44868,22.434,592.8566666574684,42.96875,1320.7291766462004,0,08-01
8,48489,54815,52110,26.055,520.7940796803423,42.96875,979.7015991465723,0,08-01
9,54815,59964,57520,28.76,590.8043943426488,42.96875,847.4353547010171,0,08-01
1,6556,12315,9737,4.8685,404.42023591827314,46.875,1046.4161421899375,0,08-02
2,12315,17232,14893,7.4465,480.20481513940564,44.921875,748.5296605798453,0,08-02
3,17232,22341,19572,9.786,430.91553749373344,46.875,596.8668039357997,0,08-02
4,22341,27863,25111,12.5555,398.24058082763264,46.875,722.3702078636815,0,08-02
5,27863,33351,30615,15.3075,459.8478472806849,46.875,892.1773851313326,0,08-02
6,33351,38635,36087,18.0435,425.8532350038488,46.875,732.9897729387958,0,08-02
7,38635,44174,41183,20.5915,509.32407837753993,44.921875,993.4594878246633,0,08-02
8,44174,49664,47165,23.5825,402.25088269288193,48.828125,635.2800867287208,0,08-02
9,49664,54908,52164,26.082,467.15654683289347,50.78125,756.1812479932369,0,08-02
10,54908,60645,57652,28.826,461.38893907384124,46.875,927.351433846723,0,08-02
1,4964,11766,9088,4.544,434.67063049168496,46.875,961.331146662039,0,08-03
2,11766,16844,14444,7.222,621.5971703193645,44.921875,968.2432392669924,0,08-03
3,16844,22588,19245,9.6225,470.2667430551522,44.921875,944.556559279082,0,08-03
4,22588,29016,25931,12.9655,516.3586145161082,46.875,1008.334606372653,0,08-03
5,29016,35851,32102,16.051,488.96306720919625,54.6875,819.3780022958745,0,08-03
6,35851,42924,39601,19.8005,523.0078203640984,50.78125,862.8442425077956,0,08-03
7,42924,49673,46247,23.1235,564.2509966094938,48.828125,849.0807199930314,0,08-03
8,49673,56000,53100,26.55,538.4189097651058,48.828125,1085.5844636205197,0,08-03
9,56000,61685,58901,29.4505,681.2578555833608,46.875,1314.2685344019367,1,08-03
10,61685,67312,64469,32.2345,594.6916700820308,42.96875,1049.4319680405342,1,08-03
11,67312,74885,70155,35.0775,601.8789231463348,44.921875,1072.154869702848,1,08-03
1,8139,16288,13121,6.5605,845.0687036140015,50.78125,1632.459779772516,0,08-04
2,16288,22120,19455,9.7275,545.6923853352451,52.734375,870.4945294137141,0,08-04
3,22120,27610,24786,12.393,566.5549135386708,46.875,1073.3740182921283,0,08-04
4,27610,33480,30435,15.2175,506.4421779419962,48.828125,892.1243578371988,0,08-04
5,33480,39745,36526,18.263,593.5261080299795,46.875,1204.050773166459,0,08-04
6,39745,45095,42965,21.4825,709.0624273637031,42.96875,1113.572803166162,1,08-04
1,5438,12238,10187,5.0935,362.0967581664586,60.546875,752.0288141761162,0,09-02
2,12238,16322,14290,7.145,426.61048191135757,56.640625,600.073463970966,0,09-02
3,16322,20570,18354,9.177,469.37982430863116,58.59375,790.9177073615374,0,09-02
4,20570,25122,22787,11.3935,482.46918266741443,66.40625,714.7005233179705,0,09-02
5,25122,31715,27458,13.729,501.6664695362874,62.5,712.0359659361634,0,09-02
6,31715,37996,35973,17.9865,493.999421616168,62.5,682.9524330338678,0,09-02
7,37996,42075,40019,20.0095,627.3130687297659,62.5,1044.9662676782812,0,09-02
8,42075,46409,44132,22.066,562.3066324228979,58.59375,798.8468058804426,0,09-02
9,46409,51029,48687,24.3435,573.4246505327121,56.640625,846.8349341373705,0,09-02
10,51029,57586,53371,26.6855,571.7714538830112,60.546875,1186.5621989125464,1,09-02
1,6240,11868,8987,4.4935,605.1052809228689,56.640625,1005.2376524963317,0,09-03
2,11868,18328,14750,7.375,405.313898593349,62.5,674.9597195007394,0,09-03
3,18328,24441,21907,10.9535,441.52385539206233,58.59375,638.4965476896173,0,09-03
4,24441,30523,26976,13.488,440.8230330886955,58.59375,612.6618451704811,0,09-03
5,30523,36157,34070,17.035,549.1927648487625,64.453125,730.3587828742345,0,09-03
6,36157,40434,38245,19.1225,542.3955031166906,58.59375,777.793297636475,0,09-03
7,40434,44724,42624,21.312,611.3028608839481,58.59375,1319.418038670277,0,09-03
8,44724,50936,46824,23.412,652.7193387378994,56.640625,1037.8645899215094,0,09-03
1,8143,14138,11768,5.884,449.72303950002225,56.640625,637.7198350800529,0,09-04
2,14138,21001,16509,8.2545,488.2798519380318,64.453125,799.1304491895817,0,09-04
3,21001,27677,25494,12.747,478.6937873293523,64.453125,601.659649399506,0,09-04
4,27677,32095,29861,14.9305,556.9665780329283,66.40625,855.2179330340194,0,09-04
5,32095,36728,34329,17.1645,603.7035799484235,54.6875,917.4141559799571,0,09-04
6,36728,41502,39127,19.5635,640.2265631255143,60.546875,1188.1972505815193,0,09-04
7,41502,46290,43878,21.939,664.8027503445492,60.546875,1316.007018574916,0,09-04
8,46290,51663,48703,24.3515,681.3321450796905,52.734375,1260.1261221380933,1,09-04
9,51663,57111,54623,27.3115,679.1505609321024,48.828125,1179.1286807779002,1,09-04
1,8806,13725,11190,5.595,354.7224807304911,72.265625,550.6437929390967,0,10-01
2,13725,19406,16260,8.13,296.89430728558074,70.3125,433.3250518265622,0,10-01
3,19406,25551,22552,11.276,355.1562731510998,72.265625,514.5734589357402,0,10-01
4,25551,31547,28550,14.275,333.76429816374343,66.40625,470.5316579822206,0,10-01
5,31547,37343,34544,17.272,344.98641586635546,70.3125,466.29329101300016,0,10-01
6,37343,42864,40142,20.071,385.66819273936835,68.359375,566.0261610548092,0,10-01
7,42864,48462,45586,22.793,369.62930290405484,66.40625,526.9541947397717,0,10-01
8,48462,53841,51339,25.6695,391.5329327228601,60.546875,533.4624390332333,0,10-01
9,53841,59022,56343,28.1715,442.74649283343643,64.453125,601.2473071008491,1,10-01
1,6319,10941,8855,4.4275,386.21036325143706,74.21875,566.5751876622734,0,10-02
2,10941,15294,13027,6.5135,376.57843486669526,72.265625,483.06328843738146,0,10-02
3,15294,19889,17561,8.7805,397.7600822110305,72.265625,617.9647511617927,0,10-02
4,19889,25053,22218,11.109,399.18897900368717,72.265625,555.8472302208825,0,10-02
5,25053,30542,27888,13.944,426.0413937644928,70.3125,740.6725486620459,0,10-02
6,30542,35398,33196,16.598,418.3643975166965,70.3125,650.813555463044,0,10-02
7,35398,40685,37601,18.8005,462.4707670758484,66.40625,635.4381901604186,0,10-02
8,40685,46600,43769,21.8845,497.44339583958475,68.359375,772.7260157765423,0,10-02
9,46600,52460,49431,24.7155,521.2701540453302,64.453125,774.7833293224569,1,10-02
10,52460,58847,55489,27.7445,478.1432196810464,60.546875,776.667370622807,1,10-02
1,6743,11764,9314,4.657,352.83121892354575,72.265625,564.8163431225041,0,10-03
2,11764,16911,14214,7.107,420.4610896104877,72.265625,591.1030516800015,0,10-03
3,16911,21913,19608,9.804,413.79675760943866,72.265625,546.2362695706415,0,10-03
4,21913,27026,24219,12.1095,479.26720253043584,68.359375,671.1511249154834,0,10-03
5,27026,32829,29834,14.917,439.9768103893343,66.40625,675.1545417517292,0,10-03
6,32829,38086,35825,17.9125,470.387164855584,70.3125,613.0589454390963,0,10-03
7,38086,42887,40347,20.1735,587.5621723683048,64.453125,1065.0193970791217,1,10-03
8,42887,47896,45427,22.7135,553.7296824631751,58.59375,792.2095250758233,1,10-03
9,47896,53164,50366,25.183,583.2347213283831,54.6875,790.7604458283417,1,10-03
10,53164,58406,55962,27.981,636.9068156016177,54.6875,1046.1913782111305,1,10-03
11,58406,63034,60850,30.425,727.2543698542185,56.640625,1006.4416420127561,1,10-03
1,4388,10573,7809,3.9045,344.3305588296411,66.40625,563.8836641047164,0,10-04
2,10573,16315,13338,6.669,371.9780350988219,70.3125,553.2742016909792,0,10-04
3,16315,22286,19293,9.6465,446.1059134911449,66.40625,710.1920526681625,0,10-04
4,22286,28029,25280,12.64,467.72433974692666,64.453125,737.533823146579,0,10-04
5,28029,34096,30779,15.3895,555.2993017332918,68.359375,784.2591620969993,1,10-04
6,34096,40935,37413,18.7065,614.1710257698808,62.5,835.3588527072874,1,10-04
7,40935,47767,44458,22.229,569.9739767365301,56.640625,1071.8846048958142,1,10-04
8,47767,54118,51076,25.538,653.1733690436257,54.6875,897.8512878792308,1,10-04
9,54118,60345,57161,28.5805,635.4254423507704,52.734375,1024.5837438712006,1,10-04
10,60345,65971,63529,31.7645,685.4040895327167,46.875,969.3266955813793,1,10-04
11,65971,70837,68414,34.207,596.1351484151967,60.546875,595.2873047555212,1,10-04
1,7545,14060,10854,5.427,1134.7274867387387,54.6875,1925.340587855084,0,11-01
2,14060,20511,17266,8.633,1156.0075795919968,54.6875,2010.134659892542,0,11-01
3,20511,25943,23757,11.8785,1059.4339353924518,52.734375,1765.9237349790199,0,11-01
4,25943,31821,28130,14.065,1020.3626776292158,54.6875,1646.1516800383904,0,11-01
5,31821,38222,35512,17.756,860.1287947730448,54.6875,1107.703318241743,0,11-01
6,38222,43406,40933,20.4665,914.0129603094449,41.015625,1591.47574570027,0,11-01
7,43406,49702,45880,22.94,666.6392718347953,46.875,1047.1575115212045,0,11-01
8,49702,56206,53525,26.7625,844.5116803674392,48.828125,1244.9092912809606,0,11-01
9,56206,61382,58888,29.444,784.0688559970579,44.921875,1161.033243831505,0,11-01
10,61382,67509,63876,31.938,822.7736441539226,37.109375,1455.2402968587166,1,11-01
1,7545,14060,10854,5.427,1134.7274867387387,54.6875,1925.340587855084,0,11-01
2,14060,20511,17266,8.633,1156.0075795919968,54.6875,2010.134659892542,0,11-01
3,20511,25943,23757,11.8785,1059.4339353924518,52.734375,1765.9237349790199,0,11-01
4,25943,31821,28130,14.065,1020.3626776292158,54.6875,1646.1516800383904,0,11-01
5,31821,38222,35512,17.756,860.1287947730448,54.6875,1107.703318241743,0,11-01
6,38222,43406,40933,20.4665,914.0129603094449,41.015625,1591.47574570027,0,11-01
7,43406,49702,45880,22.94,666.6392718347953,46.875,1047.1575115212045,0,11-01
8,49702,56206,53525,26.7625,844.5116803674392,48.828125,1244.9092912809606,0,11-01
9,56206,61382,58888,29.444,784.0688559970579,44.921875,1161.033243831505,0,11-01
10,61382,67509,63876,31.938,822.7736441539226,37.109375,1455.2402968587166,1,11-01
1,7545,14060,10854,5.427,1134.7274867387387,54.6875,1925.340587855084,0,11-01
2,14060,20511,17266,8.633,1156.0075795919968,54.6875,2010.134659892542,0,11-01
3,20511,25943,23757,11.8785,1059.4339353924518,52.734375,1765.9237349790199,0,11-01
4,25943,31821,28130,14.065,1020.3626776292158,54.6875,1646.1516800383904,0,11-01
5,31821,38222,35512,17.756,860.1287947730448,54.6875,1107.703318241743,0,11-01
6,38222,43406,40933,20.4665,914.0129603094449,41.015625,1591.47574570027,0,11-01
7,43406,49702,45880,22.94,666.6392718347953,46.875,1047.1575115212045,0,11-01
8,49702,56206,53525,26.7625,844.5116803674392,48.828125,1244.9092912809606,0,11-01
9,56206,61382,58888,29.444,784.0688559970579,44.921875,1161.033243831505,0,11-01
10,61382,67509,63876,31.938,822.7736441539226,37.109375,1455.2402968587166,1,11-01
